17:28,1.173
17:30,1.173
17:30,1.173
17:30,1.173
17:30,1.173
17:30,1.173
17:31,1.173
17:32,1.173
17:32,1.173
17:35,1.173
17:35,1.173
17:35,1.173
17:35,1.173
17:36,1.173
17:37,1.173
17:37,1.173
17:38,1.173
18:47,1.173
18:49,1.173
18:50,1.173
18:52,1.173
18:52,1.173
18:52,1.173
18:52,1.173
18:54,1.173
18:55,1.173
18:55,1.173
18:56,1.173
18:56,1.173
18:56,1.173
18:56,1.173
18:56,1.173
18:57,1.173
18:58,1.173
19:03,1.173
19:05,1.173
19:05,1.173
19:06,1.173
19:06,1.173
19:07,1.173
19:07,1.173
19:07,1.173
19:09,1.173
19:18,1.173
19:24,1.173
19:25,1.173
19:25,1.173
19:29,1.173
19:31,1.173
19:32,1.173
19:35,1.173
19:36,1.173
19:39,1.173
19:39,1.173
19:39,1.173
19:39,1.173
